User,Handle,PostDate,TweetText,ReplyCount,RetweetCount,LikeCount
roe Jogan,@Chris5625160,2022-03-17T21:31:46.000Z,"roe Jogan
@Chris5625160
Â·
1sReplying to 
@valerielouredaa
 and 
@MonsterEnergy
I'm cuban so kiss me",,,
superhero,@reeyanROE,2022-03-17T21:31:38.000Z,"superhero
@reeyanROE
Â·
9sYakin ra ngerti nek judi? Wkwk, maine nebak, loss duit hilang, iseh ra ngeh nek kui judi? Yakinnnn???? Kalau saya sebagai korban sih akan pura2 gatau biar uang saya bisa kembali lumayan wkwkkwk.",,,
Roe Baht,@BahtRoe,2022-03-17T21:31:19.000Z,"Roe Baht
@BahtRoe
Â·
28sReplying to 
@Lena11404283
 @CNN
 and 
@jaketapper
GIF",,,
roe,@prodbyroe34,2022-03-17T21:31:11.000Z,"roe
@prodbyroe34
Â·
36sAll legends fall in the making",,,
roe #KaspiaSMP,@roespots,2022-03-17T21:31:08.000Z,"roe #KaspiaSMP
@roespots
Â·
39sLogo moment #HauntedVigil",,,
RÃ¸salRÃ¸e,@RosalRoe,2022-03-17T21:31:07.000Z,"RÃ¸salRÃ¸e
@RosalRoe
Â·
40sGeorge and I had to jump over this metal rail thing to get to the concert. George dead ass picked up and helped me over it. 
Me: ",,,
Tyler Roe,@TylerRoe27,2022-03-17T21:30:55.000Z,"Tyler Roe
@TylerRoe27
Â·
52s@sportstalkmatt
 I know you didn't say moneyline but your advice led to this!",,,
roÃ© â˜¼,@beakdimple,2022-03-17T21:30:54.000Z,"roÃ© â˜¼
@beakdimple
Â·
53sReplying to 
@yonuino
it got leaked",,,
Roe,@Roebi_H,2022-03-17T21:30:51.000Z,"Roe
@Roebi_H
Â·
56sGonzaga is losing this game on their ownâ€¦lmao Georgia state naturally play hard but come on nowâ€¦u at least suppose to be up more than 2",,,
IkeRoe,@IkeRoe,2022-03-17T21:30:50.000Z,"IkeRoe
@IkeRoe
Â·
57s2022å¹´03æœˆ18æ—¥ 06æ™‚30åˆ†ã®æ¸¬å®šçµæœ ä½“é‡:85.40kg ä½“è„‚è‚ªç‡:27.90% ç­‹è‚‰é‡:58.40kg ä½“å†…å¹´é½¢:42æ­³  #tanita #healthplanet",,,
10 fingers,@10fingers4,2022-03-17T21:30:46.000Z,"10 fingers
@10fingers4
Â·
1m3/17 TOPIX 1899.01
æ—¥çµŒå¹³å‡æ ªä¾¡26652å††89éŠ­
æ—¥çµŒå¹³å‡EPS 2059.73å†† ROE 9.20%
æ—¥çµŒå¹³å‡PER12.94 PBR1.19
æ±è¨¼ä¸€éƒ¨PER14.07 PBR1.20
å£²è²·ä»£é‡‘ 3å…†5544.41å„„å††
å£²è²·é«˜14å„„7419ä¸‡æ ª  
é¨°è½ãƒ¬ã‚·ã‚ª(25æ—¥ç§»å‹•å¹³å‡)96.26%
å£²è²·ä»£é‡‘/æ™‚ä¾¡ç·é¡ 0.51%
æ—¥çµŒå¹³å‡PCR 1.80
#æŠ•è³‡ã®åŸºæœ¬ã€€#æŠ•è³‡ã®å­¦æ ¡",,,
roÃ© â˜¼,@beakdimple,2022-03-17T21:30:25.000Z,"roÃ© â˜¼
@beakdimple
Â·
1mReplying to 
@woszy
wait the same bitch you're talking about leaked the album too???
1",1,,
ã¬ã™ã£ã¨ãã¤ã­ï¼ ã‚¦ãƒå¨˜,@9Y7T9C4RoeArm86,2022-03-17T21:30:23.000Z,"ã¬ã™ã£ã¨ãã¤ã­ï¼ ã‚¦ãƒå¨˜
@9Y7T9C4RoeArm86
Â·
1mReplying to 
@Ranuchiki
ä¸Šã®å¥´ã‚‰ãŒå¼·ã™ããŸ
1
1",1,,1
RobertLGreeneJr,@Jefthah_BGE,2022-03-17T21:29:51.000Z,"RobertLGreeneJr
@Jefthah_BGE
Â·
2mReplying to 
@roe_not_4hoes
Save this and send it to me ",,,
rÃ¸,@Romane_Slrr,2022-03-17T21:29:42.000Z,"rÃ¸
@Romane_Slrr
Â·
2mReplying to 
@anaellebgsk
mais ??? comment ?",,,
ã¬ã™ã£ã¨ãã¤ã­ï¼ ã‚¦ãƒå¨˜,@9Y7T9C4RoeArm86,2022-03-17T21:29:32.000Z,"ã¬ã™ã£ã¨ãã¤ã­ï¼ ã‚¦ãƒå¨˜
@9Y7T9C4RoeArm86
Â·
2mReplying to 
@Ranuchiki
ãŠã¯ã
1
1",1,,1
Joe Romero,@JoeRoe99,2022-03-17T21:29:31.000Z,"Joe Romero
@JoeRoe99
Â·
2mFOX Bet Live
@FOXBetLive
 Â· 4m
The Spiders crawl on! 

RT if you bet on Richmond to upset Iowa!

@FOXBet // @CBBonFOX",,,
roÃ© â˜¼,@beakdimple,2022-03-17T21:29:05.000Z,"roÃ© â˜¼
@beakdimple
Â·
2mReplying to 
@0310feels
SHOW ME",,,
Hacking Mile,@HackingMile,2022-03-17T21:29:02.000Z,"Hacking Mile
@HackingMile
Â·
2mReplying to 
@DouglasLukasik
 @lepbet
 and 4 others
At the end of the day, I really don't know what's going to happen politically if Roe falls. But if it does and WA & CO Dems still lose their Senate seats, then I'll concede that abortion is not near the issue I personally believe it is.
1",1,,
PFC.3M.BLACK.TAPE,@brettseidell,2022-03-17T21:28:53.000Z,"PFC.3M.BLACK.TAPE
@brettseidell
Â·
2m@POTUS
 ...
You know your good...
When you can run a shadow op in plain sight...
With the proper #ROE...
&IN BROAD $PECTRUM DAY LIGHTS SUNNY.
1
1
1",1,1,1
roe,@space_dude3,2022-03-17T21:26:57.000Z,"roe
@space_dude3
Â·
4mReplying to 
@dymemusic
 and 
@spacesmiIer
LMAO
1",,,1
roe #KaspiaSMP,@roespots,2022-03-17T21:26:54.000Z,"roe #KaspiaSMP
@roespots
Â·
5m#HauntedVigil
1",,,1
Derek Turtle Roe,@DerekTurtleRoe,2022-03-17T21:26:53.000Z,"Derek Turtle Roe
@DerekTurtleRoe
Â·
5mReplying to 
@ir_kujoe
 and 
@RStarphoenix
Yes! For original Xbox you can use Xemu or Cxbx-Reloaded. There is only one real working Xbox 360 emulator and that's Xenia. Setting Xenia up can be a hassle, but if you need assistance let me know. ",,,
Cozy Witch Roe,@monroeroe98,2022-03-17T21:26:52.000Z,"Cozy Witch Roe
@monroeroe98
Â·
5mReplying to 
@EldritchCrow
MOOD. Bas and I have these conversations all the time about how being a parent means dealing with other parents and the general state of the world and justâ€¦ not wanting to do any of that. Iâ€™d just become the most protective helicopter parent and it would be bad xD
1
1",1,,1
mija,@mija_roe,2022-03-17T21:26:47.000Z,"mija
@mija_roe
Â·
5mReplying to 
@dutchgirl84
Vielleicht haben kiffende Lehrer weniger Angst vor Kindern 
1",,,1
Danielle Roe,@CoachRoe22,2022-03-17T21:26:34.000Z,"Danielle Roe
@CoachRoe22
Â·
5mReplying to 
@savvyfive
Terrrrrrible",,,
Tony - RESIDENCE OF EVIL - ROE HYPE MAN,@one_big_boss,2022-03-17T21:26:21.000Z,"Tony - RESIDENCE OF EVIL - ROE HYPE MAN
@one_big_boss
Â·
5mAnd then there's Seth throwing one handed sonic booms. Cheating bastard.
RSN | Boltstrike
@Boltstrike_
 Â· 2h
Most characters tend to throw projectiles with both hands. Examples include Ryu & Ken. However, those who have reached true mastery tend to throw with one hand only. Examples include Gouken (who taught Ryu and Ken), Nash (who taught Guile), Oni and Oro. Dan is the exception ofc
Show this thread",,,
RÃ˜,@rogarnier,2022-03-17T21:26:17.000Z,"RÃ˜
@rogarnier
Â·
5mNo aguantÃ©is nada que no os haga feliz ",,,
roÃ© â˜¼,@beakdimple,2022-03-17T21:26:00.000Z,"roÃ© â˜¼
@beakdimple
Â·
5mReplying to 
@beakdimple
 and 
@SEUNGPRlV
Ø§Ø­Ø³ ÙÙŠÙ‡ Ø´ÙŠ ØºÙ„Ø·",,,
roÃ© â˜¼,@beakdimple,2022-03-17T21:25:45.000Z,"roÃ© â˜¼
@beakdimple
Â·
6mReplying to 
@SEUNGPRlV
Ø¨ØµÙŠØ± 19 Ù†ÙØ³Ùƒ...
1",1,,
Roe,@RoeUpNext,2022-03-17T21:24:49.000Z,"Roe
@RoeUpNext
Â·
7mDude was just sittin there chillin 
B/R Football
@brfootball
 Â· 19m
A supporter ziptied himself onto a goal post during the Everton-Newcastle game to protest the UK governmentâ€™s involvement with new fossil fuel investments",,,
roÃ© â˜¼,@beakdimple,2022-03-17T21:24:14.000Z,"roÃ© â˜¼
@beakdimple
Â·
7mpeople r getting their albums already????
2",2,,
Lilly MuÃ±iz USAF Veteran,@lillylaloca111,2022-03-17T21:23:56.000Z,"Lilly MuÃ±iz USAF Veteran
@lillylaloca111
Â·
8mReplying to 
@therealltlkrow
 @VeryAsianEric
 and 
@GOP
Yes, the color of her skin is definitely a problem. Amy CB didnâ€™t even try a case, they rammed her through to vote against roe, then had her go to McConnellâ€™s headquarters to say the court isnâ€™t partisan. Sheâ€™s more qualified than the last three justices confirmed; COMBINED!
1
2",,1,2
roe,@prodbyroe34,2022-03-17T21:23:51.000Z,"roe
@prodbyroe34
Â·
8mSadece ara diye sÄ±zlanamam bayan sanaaa",,,
Estrella Pulido,@EstrellaPulid16,2022-03-17T21:23:28.000Z,"Estrella Pulido
@EstrellaPulid16
Â·
8mReplying to 
@juan_mesia
 @ionebelarra
 and 
@CalandracasEl
Responde a la pregunta. Invierto un millÃ³n de euros en un negocio. Â¿CuÃ¡ntos beneficios debo tener al aÃ±o?
(No te hablo de ROE, ROA, ROCE... porque no sabes quÃ© es eso)
1",1,,
RÃ¸ || The Batman brainrot,@xleontex,2022-03-17T21:23:11.000Z,"RÃ¸ || The Batman brainrot
@xleontex
Â·
8mMe voy a escuchar todo el soundtrack de Floricienta a ver si puedo encontrar algo de luz en esta oscuridad llamada vida",,,
RoeFit_TheeBarber,@RoeFitTheBarber,2022-03-17T21:23:05.000Z,"RoeFit_TheeBarber
@RoeFitTheBarber
Â·
8mReplying to 
@__xSmoove
 and 
@Mooski_Official
All Iâ€™ve been listen to for the past week",,,
Roe MÃªsquita,@roemesquita,2022-03-17T21:23:02.000Z,"Roe MÃªsquita
@roemesquita
Â·
8mReplying to 
@corinthiana
 @casioramoss
 and 
@12_51
CA RA LHO. Ai o negÃ³cio fica quente. rsrsrs
1",,,1
roe,@prodbyroe34,2022-03-17T21:22:41.000Z,"roe
@prodbyroe34
Â·
9mReplying to 
@murattalemdar
AÄŸaÃ§larÄ± dik sikeyim!
1
1",1,,1
Mr. blue,@Yvi_Mik,2022-03-17T21:22:26.000Z,"Mr. blue
@Yvi_Mik
Â·
9mReplying to 
@Dippi_Dipp
 and 
@mija_roe
Das wÃ¼rde ich mir auch wÃ¼nschen und verstehe es auch nicht. Ich mache es den SchÃ¼lern vor, Maske nur noch unter der Nase oder gar nicht auf. Die Kinder wissen, wer auf ihrer Seite steht.
1
1",1,,1
roe,@space_dude3,2022-03-17T21:22:05.000Z,"roe
@space_dude3
Â·
9m15 years of career and sheâ€™s still a worldwide superstar, her power is unmatched
0:14
10.3K views
From 
luli
1
6",,1,6
éœ‡ãˆã‚‹ã“ã“ã‚,@kokorohurue,2022-03-17T21:20:38.000Z,"éœ‡ãˆã‚‹ã“ã“ã‚
@kokorohurue
Â·
11mè³‡æœ¬ãŒå¤šã™ãã‚‹ã“ã¨ãŒæ—¥æœ¬ã®å•é¡Œ
ä¸å‹•ç”£æŒã¡ã™ã
ã ã‹ã‚‰ROEãŒä¸ŠãŒã‚‰ãªã„
#ãƒ¢ãƒ¼ã‚µãƒ†",,,
Mr. blue,@Yvi_Mik,2022-03-17T21:20:37.000Z,"Mr. blue
@Yvi_Mik
Â·
11mReplying to 
@brinilo2
 and 
@mija_roe
Als Eltern andere, gleich denkende Eltern suchen. An die SchulrÃ¤te und das Ministerium schreiben und nervig bleiben. Unterschriften bei Eltern sammeln, so dass den LandesschÃ¼lersprechern und den LehhrerverbÃ¤nden widersprochen werden kann.
1",,,1
San Roy,@SanRoe23,2022-03-17T21:20:35.000Z,"San Roy
@SanRoe23
Â·
11mSi es contigo mejor ",,,
MadAtTheGalaxy,@MadAtTheGalaxy,2022-03-17T21:20:30.000Z,"MadAtTheGalaxy
@MadAtTheGalaxy
Â·
11mReplying to 
@JEStaurset
 @GooglingNoodles
 and 5 others
lol , mÃ¥ dere roe dere ned da xD  men nei nato har overhode ikke noe interesse av russisk territorier , pokker skal vi med  det etter ? er jo bare mÃ¸kka land . det er mer for og hindre at slik som han gjÃ¸r nÃ¥ at han ikke sÃ¥ lett kan slenge missiler og annet dritt .viser til
1",1,,
RÃ–,@roleguiizamon,2022-03-17T21:20:08.000Z,"RÃ–
@roleguiizamon
Â·
11mEl dÃ­a que me quieras no habrÃ¡ mÃ¡s que armonÃ­a, endulzarÃ¡ sus cuerdas el pÃ¡jaro cantor, florecerÃ¡ la vida, no existirÃ¡ el dolor...",,,
ğ’²ğ’¾ğ“ˆğ“‰â„¯ğ“‡ğ’¾ğ’¶ â„›ğ’½â„´ğ’¹â„¯ğ“ˆ,@Wisteria_Rhodes,2022-03-17T21:20:03.000Z,"ğ’²ğ’¾ğ“ˆğ“‰â„¯ğ“‡ğ’¾ğ’¶ â„›ğ’½â„´ğ’¹â„¯ğ“ˆ
@Wisteria_Rhodes
Â·
12më‚˜ë„ ë„ˆí¬ë“¤ì˜ ìƒê°ì„ ë”°ë¼ê°€ê¸° ì–´ë µë‹¤.",,,
roe,@prodbyroe34,2022-03-17T21:19:50.000Z,"roe
@prodbyroe34
Â·
12mDÃ¼ÅŸ gÃ¶rÃ¼rken dÃ¼ÅŸtÃ¼m.",,,
Thomas Roe,@ThomasRoe16,2022-03-17T21:19:45.000Z,"Thomas Roe
@ThomasRoe16
Â·
12mReplying to 
@Wandering324
I find this strangely exciting.",,,
E. Wijaya Saputra,@kupu22b1roe,2022-03-17T21:19:44.000Z,"E. Wijaya Saputra
@kupu22b1roe
Â·
12mReplying to 
@Nissa_4yu
 and 
@mahdlarmy
Bodo amat dengan ini org...

Mau meninggal kek, bodo amat...",,,
Maureen Roe,@MaureenBush,2022-03-17T21:19:43.000Z,"Maureen Roe
@MaureenBush
Â·
12mReplying to 
@eamonnbrennan
Lots of missed foul calls at the end of this one.",,,
roe,@wrkoe,2022-03-17T21:19:38.000Z,"roe
@wrkoe
Â·
12mØ§Ø¨Ø§ Ø§Ø¨ÙˆØ³Ùˆ Ù…Ø±Ù‡
From 
ìš”ëª¨
1",,,1
Hâ‚¬rr RÃ¸âˆ‚rÃ­guâ‚¬z,@JerocoO,2022-03-17T21:19:34.000Z,"Hâ‚¬rr RÃ¸âˆ‚rÃ­guâ‚¬z
@JerocoO
Â·
12mReplying to 
@EmmetReed
 @PonchoGutz
 and 
@AlvarezMaynez
Se vale sobarse 
@PonchoGutz
 GIF
1",,1,
Ù…ÙˆØ¬Ø¨ Ø§Ø±Ø¨Ø¹ÙŠÙ†ÙŠ ØªØ¨ÙˆÙƒ Ø­Ø§Ù„ÙŠØ§Ù‹,@4tut8sXBxGe7ROE,2022-03-17T21:19:17.000Z,"Ù…ÙˆØ¬Ø¨ Ø§Ø±Ø¨Ø¹ÙŠÙ†ÙŠ ØªØ¨ÙˆÙƒ Ø­Ø§Ù„ÙŠØ§Ù‹
@4tut8sXBxGe7ROE
Â·
12mReplying to 
@special23riyad
ØªØ¹Ø§Ù„ Ø®Ø§Øµ",,,
EileenTexasBlue,@EileenForBlue,2022-03-17T21:17:43.000Z,"EileenTexasBlue
@EileenForBlue
Â·
14mReplying to 
@EileenForBlue
 @CongressMarsha
 and 2 others
We have to do something about this corrupt SCOTUS. We have to expand the court and codify Roe too. Women can't wait 
@VP
 @TeamPelosi
 @ACLU
 Our rights as citizens of this country cannot just be removed!! The GOP are killing women. Vote blue for our very lives.",,,
Mr. blue,@Yvi_Mik,2022-03-17T21:17:42.000Z,"Mr. blue
@Yvi_Mik
Â·
14mReplying to 
@mija_roe
Zuallererst die Kinder darin stÃ¤rker, sich die Nieschen zu suchen, die gehen. Es immer wieder zu probieren. Ja, ich habe Kollegen, die das nicht wollen und Stress machen. Aber es gibt Pausen und Zeit, wo man nicht gesehen wird.
1",,,1
mija,@mija_roe,2022-03-17T21:17:39.000Z,"mija
@mija_roe
Â·
14mReplying to 
@DennisB94470745
 and 
@LViehler
Ich persÃ¶nlich hÃ¤nge Ã¼berhaupt nicht an diesem Land. Als Single wÃ¼rde ich sofort gehen. Aber mit Jobs und Schule finden fÃ¼r Alle wird es halt schwierig, dazu Wohnraum und dann noch die Sprache.",,,
ROE STAN,@cspades,2022-03-17T21:17:34.000Z,"ROE STAN
@cspades
Â·
14mIs there a correct way to load the dishwasher?
1",1,,
Jim Roe,@JimRoe_Toronto,2022-03-17T21:17:33.000Z,"Jim Roe
@JimRoe_Toronto
Â·
14m.gif description. Two perfectly poured pints of Guinness, with the Irish word for â€œhealthâ€, being enjoyed by two people who would not drink green beer if a gun was held to their head.",,,
DrOO7,@DrCNMcKenzie,2022-03-17T21:17:10.000Z,"DrOO7
@DrCNMcKenzie
Â·
15mReplying to 
@SenSchumer
Yes,it does.
Codify Roe",,,
roe â˜»,@binsungbubs,2022-03-17T21:17:06.000Z,"roe â˜»
@binsungbubs
Â·
15mwhat a terrible insult to my boys",,,
Maureen Roe,@MaureenBush,2022-03-17T21:17:03.000Z,"Maureen Roe
@MaureenBush
Â·
15mIowa getting screwed on missed fouls late.",,,
MÎ±rcÎ¿ RÎ¿Îµ,@marco_roe,2022-03-17T21:16:50.000Z,"MÎ±rcÎ¿ RÎ¿Îµ
@marco_roe
Â·
15mVaya locura  #HogwartsLegacy",,,
Simon Roe,@nonleaguesnappa,2022-03-17T21:16:50.000Z,"Simon Roe
@nonleaguesnappa
Â·
15mReplying to 
@Banstead_Rovers
Guys let me know when it gets re scheduled for.",,,
ru â­‘Öº Ëš,@roe4k,2022-03-17T21:16:40.000Z,"ru â­‘Öº Ëš
@roe4k
Â·
15mim gonna eatch the lore vod!!! byebye",,,
roe â˜»,@binsungbubs,2022-03-17T21:16:20.000Z,"roe â˜»
@binsungbubs
Â·
15mi just saw the worst tweet ever oh my god never say that again
GIF
1",1,,
Tony Roe,@tonysroe,2022-03-17T21:16:11.000Z,"Tony Roe
@tonysroe
Â·
16mRef is standing six feet from that foul and does nothing.
3
2
19",3,2,19
roe,@wrkoe,2022-03-17T21:18:06.000Z,"roe
@wrkoe
Â·
14mØ§Ù‡ Ù…Ø«Ø§Ù„ÙŠ
1
1",1,,1
roe,@wrkoe,2022-03-17T21:17:59.000Z,"roe
@wrkoe
Â·
14m1",,,1
roe,@space_dude3,2022-03-17T21:14:20.000Z,"roe
@space_dude3
Â·
18mThe outfit omg
ğ•±
@spacesmiIer
 Â· 20m
She chose to serve we won
4",,,4
"la Roe,",@roedora__,2022-03-17T21:14:19.000Z,"la Roe,
@roedora__
Â·
18mCompro ltds cachorro unicornio y trono de flores salvajes
2
1
1",2,1,1
Jim Roe,@JimRoe_Toronto,2022-03-17T21:14:11.000Z,"Jim Roe
@JimRoe_Toronto
Â·
18mGreen beer is an abomination, today or any day. Fight me.
GIF
1",1,,
mija,@mija_roe,2022-03-17T21:14:11.000Z,"mija
@mija_roe
Â·
18mReplying to 
@Yvi_Mik
 and 
@MG18479364
Danke!!!
1",,,1
E. Wijaya Saputra,@kupu22b1roe,2022-03-17T21:14:00.000Z,"E. Wijaya Saputra
@kupu22b1roe
Â·
18mReplying to 
@CNNIndonesia
 and 
@UcokLubis05
Gila blm juga ketangkap neh org.... ajaib",,,
mary henchell,@verymarys27,2022-03-17T21:13:57.000Z,"mary henchell
@verymarys27
Â·
18mReplying to 
@CalltoActivism
 and 
@DirkMarais3
Oppose the Supreme Court overturning Roe v Wade",,,
Craig Ogawa,@craigaroo,2022-03-17T21:13:53.000Z,"Craig Ogawa
@craigaroo
Â·
18mReplying to 
@HelenaMontana14
 and 
@GregAFish
We have historical conditions AND necessity for a new Constitution. We have widespread agreement on what a new one would include
â€¢ incorporation of Roe v Wade
â€¢ restoration of Voting Rights Act
â€¢ expansion of Court
â€¢ abolition of Electoral College
1/
1",1,,
Nate Roe,@nathan_bacon_,2022-03-17T21:13:52.000Z,"Nate Roe
@nathan_bacon_
Â·
18mReplying to 
@GoatHouseNFL
Fucking had them going to the elite 8
2",,,2
mija,@mija_roe,2022-03-17T21:13:26.000Z,"mija
@mija_roe
Â·
18mReplying to 
@m29091899
 and 
@HendrikWuest
WÃ¼rden sich meine Kinder nicht trauen",,,
roe,@wrkoe,2022-03-17T21:12:58.000Z,"roe
@wrkoe
Â·
19mØ¨Ø§Ù‚ÙŠ ÙƒÙ… Ø³Ø§Ø¹Ù‡
2",,,2
roe,@prodbyroe34,2022-03-17T21:12:52.000Z,"roe
@prodbyroe34
Â·
19mYÄ±ldÄ±zlar kararÄ±rken",,,
Ted Roe,@Ted_Roe,2022-03-17T21:12:07.000Z,"Ted Roe
@Ted_Roe
Â·
20mReplying to 
@etufodisclosure
Only in the past 2 yrs have I dared to mention my own experiences, and not in much detail. I mentioned one in my talk at AIAA AV22 to make a point about observability and data.",,,
rÃ¸,@rowithaslash,2022-03-17T21:12:05.000Z,"rÃ¸
@rowithaslash
Â·
20mReplying to 
@Cuntillo
nothing short of full and unconditional respect for my besties is bar minimum 
1",,,1
Jane Roe,@emtlena,2022-03-17T21:11:47.000Z,"Jane Roe
@emtlena
Â·
20mÙ†ÙØ³ Ø§Ù„Ø¹Ù‚Ù„ÙŠÙ‡ ÙˆÙ†ÙØ³ Ø§Ù„Ø±Ø¯ÙˆØ¯ Ù‡Ù‡Ù‡Ù‡Ù‡Ù‡Ù‡Ù‡Ù‡Ù‡Ù‡Ù‡Ù‡Ù‡Ù‡Ù‡Ù‡Ù‡Ù‡Ù‡Ù‡Ù‡Ù‡Ù‡Ù‡Ù‡Ù‡Ù‡Ù‡Ù‡Ù‡
|
@9hxzu
 Â· 7h
Replying to @Raid_F8
Ù„Ø§ØªØªØ¹Ø¨ Ù†ÙØ³Ùƒ Ù†ÙØ³ÙŠØ§Øª Ø­Ù‚ÙŠÙ† Ø§Ù„Ø³ÙˆØ¯Ø§ÙˆÙŠØ© Ø§Ù‡Ø¨Ø¯ Ù„Ù‡Ù… Ø§ÙŠ Ø¹Ù…Ù„ Ø§Ù…Ù‡ ÙˆØ§Ø¨ÙˆÙ‡ ÙŠÙ…ÙˆØªÙˆÙ† Ùˆ Ø³ÙˆØ¯Ø§ÙˆÙŠ Ùˆ ÙŠØ¹Ø§Ù†ÙŠ Ø·ÙˆÙ„ Ø­ÙŠØ§ØªÙŠ Ø´Ø±Ø· Ø§Ù†Ù‡Ù… ÙŠØ¹Ø·ÙˆÙ† Ù¡Ù /Ù¡Ù  Ø­ØªÙ‰ Ù„Ùˆ ÙƒØ§Ù† ØªØ§ÙÙ‡ ÙˆØ§Ù„Ø¯Ù„ÙŠÙ„ Ø°Ø§ Ø¨Ø§ØªÙ…Ø§Ù†",,,
Farron Roe,@FarronRoe,2022-03-17T21:11:46.000Z,"Farron Roe
@FarronRoe
Â·
20mthe",,,
ET UFO DISCLOSURE,@etufodisclosure,2022-03-17T21:11:43.000Z,"ET UFO DISCLOSURE
@etufodisclosure
Â·
20mReplying to 
@Ted_Roe
So going forward now you still see yourself in a primarily aviation safety role? Hypothetically if ETVs are operating in the airspace who do you see as the primary lead on the subject matter - I find it hard to believe UFOology will be able to rise to any level of credibility",,,
Andrew Roe,@aroeSec,2022-03-17T21:11:12.000Z,"Andrew Roe
@aroeSec
Â·
21mVikings were the first clout mongers in history.",,,
roe,@space_dude3,2022-03-17T21:11:11.000Z,"roe
@space_dude3
Â·
21msheâ€™s the moment
Miley Nation
@MileyNation13
 Â· 24m
Fans following Miley Cyrusâ€™ car in Argentina!
2",,,2
roe,@space_dude3,2022-03-17T21:10:36.000Z,"roe
@space_dude3
Â·
21momggjskkzxjs
Miley Nation
@MileyNation13
 Â· 25m
Miley Cyrus with fans in Argentina 
1",,,1
"Tall, loud, genderfluid?, angry",@DisasterFemRoe,2022-03-17T21:09:55.000Z,"Tall, loud, genderfluid?, angry
@DisasterFemRoe
Â·
22mReplying to 
@garleanvampire
 @Zillidan1
 and 
@WoL_Aurora
heh. So if that's what you want, wouldn't it be much more bullying to NOT give you that, then? :3
1
3",1,,3
roe Â«gobbingwayÂ»,@roefizzlebeef,2022-03-17T21:09:54.000Z,"roe Â«gobbingwayÂ»
@roefizzlebeef
Â·
22msometimes I take screenshots simply to make myself laugh.
roe Â«gobbingwayÂ»
@roefizzlebeef
 Â· 6h
roe fizzlebeef posting a terrible selfie where she's got her bucket hat on and is making this face  captioned ""told tataru I was goin to the bank...... didn't say which one !!!!!!""
Show this thread
1
5
44",1,5,44
roe,@wrkoe,2022-03-17T21:09:49.000Z,"roe
@wrkoe
Â·
22mReplying to 
@_eva58_re
Ø§ÙŠÙØªÙŠ Ø§Ù†ØªÙ ØªØ¬Ù†Ù†ÙŠ",,,
